Daily Date,High,Low,Open,Close
04/07/2024,1.86,1.39,1.85,1.86
03/07/2024,1.85,1.39,1.85,1.85
02/07/2024,1.85,1.39,1.81,1.85
01/07/2024,1.81,1.39,1.81,1.81
28/06/2024,1.81,1.39,1.81,1.81
27/06/2024,1.81,1.39,1.81,1.81
26/06/2024,1.81,1.39,1.80,1.81
25/06/2024,1.80,1.39,1.80,1.80
24/06/2024,1.80,1.39,1.80,1.80
21/06/2024,1.80,1.39,1.80,1.80
20/06/2024,1.80,1.39,1.80,1.80
19/06/2024,1.80,1.39,1.80,1.80
18/06/2024,1.80,1.39,1.80,1.80
14/06/2024,1.80,1.39,1.80,1.80
13/06/2024,1.80,1.39,1.80,1.80
12/06/2024,1.80,1.39,1.80,1.80
11/06/2024,1.80,1.39,1.80,1.80
10/06/2024,1.80,1.39,1.80,1.80
07/06/2024,1.80,1.39,1.80,1.80
06/06/2024,1.80,1.39,1.80,1.80
05/06/2024,1.80,1.39,1.80,1.80
04/06/2024,1.80,1.39,1.80,1.80
03/06/2024,1.80,1.39,1.80,1.80
31/05/2024,1.80,1.39,1.80,1.80
30/05/2024,1.80,1.39,1.80,1.80
29/05/2024,1.80,1.39,1.80,1.80
28/05/2024,1.80,1.39,1.80,1.80
27/05/2024,1.80,1.39,1.80,1.80
24/05/2024,1.80,1.39,1.80,1.80
23/05/2024,1.80,1.39,1.80,1.80
22/05/2024,1.80,1.39,1.80,1.80
21/05/2024,1.80,1.39,1.80,1.80
20/05/2024,1.80,1.39,1.80,1.80
17/05/2024,1.80,1.39,1.79,1.80
16/05/2024,1.80,1.39,1.80,1.79
15/05/2024,1.80,1.39,1.80,1.80
14/05/2024,1.80,1.39,1.75,1.80
13/05/2024,1.75,1.39,1.72,1.75
10/05/2024,1.75,1.39,1.72,1.72
09/05/2024,1.75,1.39,1.72,1.72
08/05/2024,1.75,1.39,1.72,1.72
07/05/2024,1.75,1.39,1.72,1.72
06/05/2024,1.75,1.39,1.72,1.72
03/05/2024,1.75,1.39,1.75,1.72
02/05/2024,1.75,1.39,1.75,1.75
30/04/2024,1.75,1.39,1.64,1.75
29/04/2024,1.65,1.39,1.60,1.64
26/04/2024,1.65,1.39,1.60,1.60
25/04/2024,1.65,1.39,1.60,1.60
24/04/2024,1.65,1.39,1.60,1.60
23/04/2024,1.65,1.39,1.60,1.60
22/04/2024,1.65,1.39,1.60,1.60
19/04/2024,1.65,1.39,1.60,1.60
18/04/2024,1.65,1.39,1.60,1.60
17/04/2024,1.65,1.39,1.60,1.60
16/04/2024,1.65,1.39,1.60,1.60
15/04/2024,1.65,1.39,1.56,1.60
12/04/2024,1.65,1.39,1.56,1.56
10/04/2024,1.65,1.39,1.56,1.56
09/04/2024,1.65,1.39,1.56,1.56
08/04/2024,1.65,1.39,1.57,1.56
05/04/2024,1.65,1.39,1.58,1.57
04/04/2024,1.65,1.39,1.58,1.58
03/04/2024,1.65,1.39,1.58,1.58
02/04/2024,1.65,1.39,1.58,1.58
28/03/2024,1.65,1.39,1.58,1.58
27/03/2024,1.65,1.39,1.60,1.58
26/03/2024,1.65,1.39,1.65,1.60
25/03/2024,1.65,1.39,1.65,1.65
22/03/2024,1.65,1.39,1.65,1.65
21/03/2024,1.65,1.39,1.57,1.65
20/03/2024,1.57,1.39,1.56,1.57
19/03/2024,1.56,1.39,1.55,1.56
18/03/2024,1.55,1.39,1.50,1.55
15/03/2024,1.50,1.39,1.50,1.50
14/03/2024,1.50,1.39,1.50,1.50
13/03/2024,1.50,1.39,1.50,1.50
12/03/2024,1.50,1.39,1.50,1.50
11/03/2024,1.50,1.39,1.49,1.50
08/03/2024,1.49,1.39,1.46,1.49
07/03/2024,1.46,1.39,1.46,1.46
05/03/2024,1.46,1.39,1.46,1.46
04/03/2024,1.46,1.39,1.44,1.46
01/03/2024,1.44,1.39,1.40,1.44
29/02/2024,1.40,1.39,1.39,1.40
28/02/2024,1.40,1.39,1.40,1.39
27/02/2024,1.40,1.40,1.40,1.40
26/02/2024,1.40,1.40,1.40,1.40
23/02/2024,1.40,1.40,1.40,1.40
22/02/2024,1.40,1.40,1.40,1.40
21/02/2024,1.40,1.40,1.40,1.40
20/02/2024,1.40,1.40,1.40,1.40
19/02/2024,1.40,1.40,1.40,1.40
16/02/2024,1.40,1.40,1.40,1.40
15/02/2024,1.40,1.40,1.40,1.40
14/02/2024,1.40,1.40,1.40,1.40
13/02/2024,1.40,1.40,1.40,1.40
12/02/2024,1.40,1.40,1.40,1.40
09/02/2024,1.40,1.40,1.40,1.40
08/02/2024,1.40,1.40,1.40,1.40
07/02/2024,1.40,1.40,1.40,1.40
06/02/2024,1.40,1.40,1.40,1.40
05/02/2024,1.40,1.40,1.40,1.40
02/02/2024,1.40,1.40,1.40,1.40
01/02/2024,1.40,1.40,1.40,1.40
31/01/2024,1.40,1.40,1.40,1.40
30/01/2024,1.40,1.40,1.40,1.40
29/01/2024,1.40,1.40,1.40,1.40
26/01/2024,1.40,1.40,1.40,1.40
25/01/2024,1.40,1.40,1.40,1.40
24/01/2024,1.40,1.40,1.40,1.40
23/01/2024,1.40,1.40,1.40,1.40
22/01/2024,1.40,1.40,1.40,1.40
19/01/2024,1.40,1.40,1.40,1.40
18/01/2024,1.40,1.40,1.40,1.40
17/01/2024,1.40,1.40,1.40,1.40
16/01/2024,1.40,1.40,1.40,1.40
15/01/2024,1.40,1.40,1.40,1.40
12/01/2024,1.40,1.40,1.40,1.40
11/01/2024,1.40,1.40,1.40,1.40
10/01/2024,1.40,1.40,1.40,1.40
05/01/2024,1.40,1.40,1.40,1.40
04/01/2024,1.40,1.40,1.40,1.40
03/01/2024,1.40,1.40,1.40,1.40
02/01/2024,1.40,1.40,1.40,1.40
29/12/2023,1.55,0.82,1.40,1.40
28/12/2023,1.55,0.82,1.40,1.40
27/12/2023,1.55,0.82,1.40,1.40
22/12/2023,1.55,0.82,1.40,1.40
21/12/2023,1.55,0.82,1.40,1.40
20/12/2023,1.55,0.82,1.35,1.40
19/12/2023,1.55,0.82,1.35,1.35
18/12/2023,1.55,0.82,1.35,1.35
15/12/2023,1.55,0.82,1.40,1.35
14/12/2023,1.55,0.82,1.40,1.40
13/12/2023,1.55,0.82,1.40,1.40
12/12/2023,1.55,0.82,1.40,1.40
11/12/2023,1.55,0.82,1.40,1.40
08/12/2023,1.55,0.82,1.40,1.40
07/12/2023,1.55,0.82,1.40,1.40
06/12/2023,1.55,0.82,1.40,1.40
05/12/2023,1.55,0.82,1.40,1.40
04/12/2023,1.55,0.82,1.40,1.40
30/11/2023,1.55,0.82,1.40,1.40
29/11/2023,1.55,0.82,1.40,1.40
28/11/2023,1.55,0.82,1.40,1.40
27/11/2023,1.55,0.82,1.40,1.40
24/11/2023,1.55,0.82,1.40,1.40
23/11/2023,1.55,0.82,1.40,1.40
22/11/2023,1.55,0.82,1.40,1.40
21/11/2023,1.55,0.82,1.40,1.40
20/11/2023,1.55,0.82,1.40,1.40
17/11/2023,1.55,0.82,1.40,1.40
16/11/2023,1.55,0.82,1.40,1.40
15/11/2023,1.55,0.82,1.40,1.40
14/11/2023,1.55,0.82,1.40,1.40
13/11/2023,1.55,0.82,1.40,1.40
10/11/2023,1.55,0.82,1.40,1.40
09/11/2023,1.55,0.82,1.37,1.40
08/11/2023,1.55,0.82,1.36,1.37
07/11/2023,1.55,0.82,1.37,1.36
06/11/2023,1.55,0.82,1.37,1.37
03/11/2023,1.55,0.82,1.37,1.37
02/11/2023,1.55,0.82,1.37,1.37
01/11/2023,1.55,0.82,1.37,1.37
31/10/2023,1.55,0.82,1.37,1.37
30/10/2023,1.55,0.82,1.37,1.37
27/10/2023,1.55,0.82,1.38,1.37
26/10/2023,1.55,0.82,1.38,1.38
25/10/2023,1.55,0.82,1.38,1.38
24/10/2023,1.55,0.82,1.38,1.38
23/10/2023,1.55,0.82,1.38,1.38
20/10/2023,1.55,0.82,1.38,1.38
19/10/2023,1.55,0.82,1.38,1.38
18/10/2023,1.55,0.82,1.40,1.38
17/10/2023,1.55,0.82,1.40,1.40
16/10/2023,1.55,0.82,1.40,1.40
13/10/2023,1.55,0.82,1.40,1.40
12/10/2023,1.55,0.82,1.40,1.40
11/10/2023,1.55,0.82,1.40,1.40
10/10/2023,1.55,0.82,1.40,1.40
09/10/2023,1.55,0.82,1.40,1.40
06/10/2023,1.55,0.82,1.40,1.40
05/10/2023,1.55,0.82,1.40,1.40
04/10/2023,1.55,0.82,1.44,1.40
03/10/2023,1.55,0.82,1.44,1.44
02/10/2023,1.55,0.82,1.45,1.44
29/09/2023,1.55,0.82,1.45,1.45
28/09/2023,1.55,0.82,1.45,1.45
27/09/2023,1.55,0.82,1.45,1.45
26/09/2023,1.55,0.82,1.45,1.45
25/09/2023,1.55,0.82,1.45,1.45
22/09/2023,1.55,0.82,1.45,1.45
20/09/2023,1.55,0.82,1.45,1.45
19/09/2023,1.55,0.82,1.45,1.45
18/09/2023,1.55,0.82,1.45,1.45
15/09/2023,1.55,0.82,1.45,1.45
14/09/2023,1.55,0.82,1.45,1.45
13/09/2023,1.55,0.82,1.45,1.45
12/09/2023,1.55,0.82,1.45,1.45
11/09/2023,1.55,0.82,1.45,1.45
08/09/2023,1.55,0.82,1.45,1.45
07/09/2023,1.55,0.82,1.45,1.45
06/09/2023,1.55,0.82,1.45,1.45
05/09/2023,1.55,0.82,1.45,1.45
04/09/2023,1.55,0.82,1.45,1.45
01/09/2023,1.55,0.82,1.48,1.45
30/08/2023,1.55,0.82,1.50,1.50
29/08/2023,1.55,0.82,1.50,1.50
28/08/2023,1.55,0.82,1.50,1.50
25/08/2023,1.55,0.82,1.50,1.50
24/08/2023,1.55,0.82,1.50,1.50
23/08/2023,1.55,0.82,1.50,1.50
22/08/2023,1.55,0.82,1.50,1.50
21/08/2023,1.55,0.82,1.50,1.50
18/08/2023,1.55,0.82,1.50,1.50
16/08/2023,1.55,0.82,1.50,1.50
15/08/2023,1.55,0.82,1.50,1.50
11/08/2023,1.55,0.82,1.53,1.50
10/08/2023,1.55,0.82,1.53,1.53
09/08/2023,1.55,0.82,1.53,1.53
08/08/2023,1.55,0.82,1.54,1.53
07/08/2023,1.55,0.82,1.55,1.54
02/08/2023,1.55,0.82,1.55,1.55
01/08/2023,1.55,0.82,1.43,1.55
31/07/2023,1.45,0.82,1.43,1.43
28/07/2023,1.45,0.82,1.40,1.43
27/07/2023,1.45,0.82,1.40,1.40
26/07/2023,1.45,0.82,1.40,1.40
25/07/2023,1.45,0.82,1.36,1.40
24/07/2023,1.45,0.82,1.36,1.36
21/07/2023,1.45,0.82,1.36,1.36
20/07/2023,1.45,0.82,1.36,1.36
19/07/2023,1.45,0.82,1.36,1.36
18/07/2023,1.45,0.82,1.36,1.36
17/07/2023,1.45,0.82,1.36,1.36
14/07/2023,1.45,0.82,1.36,1.36
13/07/2023,1.45,0.82,1.36,1.36
12/07/2023,1.45,0.82,1.45,1.36
11/07/2023,1.45,0.82,1.45,1.45
10/07/2023,1.45,0.82,1.45,1.45
07/07/2023,1.45,0.82,1.33,1.45
06/07/2023,1.33,0.82,1.33,1.33
05/07/2023,1.33,0.82,1.32,1.33
04/07/2023,1.32,0.82,1.32,1.32
03/07/2023,1.32,0.82,1.32,1.32
30/06/2023,1.32,0.82,1.32,1.32
29/06/2023,1.32,0.82,1.32,1.32
27/06/2023,1.32,0.82,1.30,1.32
26/06/2023,1.30,0.82,1.28,1.30
23/06/2023,1.30,0.82,1.24,1.26
22/06/2023,1.30,0.82,1.23,1.24
21/06/2023,1.30,0.82,1.24,1.23
20/06/2023,1.30,0.82,1.24,1.24
19/06/2023,1.30,0.82,1.19,1.24
16/06/2023,1.30,0.82,1.19,1.19
15/06/2023,1.30,0.82,1.19,1.19
14/06/2023,1.30,0.82,1.19,1.19
13/06/2023,1.30,0.82,1.19,1.19
12/06/2023,1.30,0.82,1.19,1.19
09/06/2023,1.30,0.82,1.19,1.19
08/06/2023,1.30,0.82,1.19,1.19
07/06/2023,1.30,0.82,1.10,1.19
05/06/2023,1.30,0.82,1.09,1.09
02/06/2023,1.30,0.82,1.09,1.09
01/06/2023,1.30,0.82,1.09,1.09
31/05/2023,1.30,0.82,1.09,1.09
30/05/2023,1.30,0.82,1.08,1.09
29/05/2023,1.30,0.82,1.10,1.08
26/05/2023,1.30,0.82,1.10,1.10
25/05/2023,1.30,0.82,1.10,1.10
24/05/2023,1.30,0.82,1.11,1.10
23/05/2023,1.30,0.82,1.13,1.11
22/05/2023,1.30,0.82,1.14,1.13
19/05/2023,1.30,0.82,1.14,1.14
18/05/2023,1.30,0.82,1.14,1.14
17/05/2023,1.30,0.82,1.26,1.14
16/05/2023,1.30,0.82,1.26,1.26
15/05/2023,1.30,0.82,1.26,1.26
12/05/2023,1.30,0.82,1.25,1.26
11/05/2023,1.30,0.82,1.25,1.25
10/05/2023,1.30,0.82,1.25,1.25
09/05/2023,1.30,0.82,1.25,1.25
08/05/2023,1.30,0.82,1.20,1.25
05/05/2023,1.30,0.82,1.25,1.20
04/05/2023,1.30,0.82,1.25,1.25
03/05/2023,1.30,0.82,1.25,1.25
02/05/2023,1.30,0.82,1.26,1.25
28/04/2023,1.30,0.82,1.26,1.26
27/04/2023,1.30,0.82,1.26,1.26
26/04/2023,1.30,0.82,1.26,1.26
25/04/2023,1.30,0.82,1.26,1.26
21/04/2023,1.30,0.82,1.20,1.26
20/04/2023,1.30,0.82,1.20,1.20
19/04/2023,1.30,0.82,1.20,1.20
18/04/2023,1.30,0.82,1.20,1.20
17/04/2023,1.30,0.82,1.20,1.20
14/04/2023,1.30,0.82,1.20,1.20
13/04/2023,1.30,0.82,1.20,1.20
12/04/2023,1.30,0.82,1.26,1.20
11/04/2023,1.30,0.82,1.26,1.26
06/04/2023,1.30,0.82,1.26,1.26
05/04/2023,1.30,0.82,1.26,1.26
05/04/2023,1.30,0.82,1.26,1.26
04/04/2023,1.30,0.82,1.26,1.26
03/04/2023,1.30,0.82,1.25,1.26
31/03/2023,1.30,0.82,1.22,1.25
30/03/2023,1.30,0.82,1.30,1.22
29/03/2023,1.30,0.82,1.30,1.30
28/03/2023,1.30,0.82,1.30,1.30
27/03/2023,1.30,0.82,1.30,1.30
24/03/2023,1.30,0.82,1.30,1.30
23/03/2023,1.30,0.82,1.20,1.30
22/03/2023,1.20,0.82,1.20,1.20
21/03/2023,1.20,0.82,1.20,1.20
20/03/2023,1.20,0.82,1.20,1.20
17/03/2023,1.20,0.82,1.20,1.20
16/03/2023,1.20,0.82,1.16,1.20
15/03/2023,1.16,0.82,1.10,1.16
14/03/2023,1.10,0.82,1.03,1.10
13/03/2023,1.03,0.82,1.00,1.03
10/03/2023,1.00,0.82,0.95,1.00
09/03/2023,0.95,0.82,0.93,0.95
08/03/2023,0.93,0.82,0.93,0.93
07/03/2023,0.93,0.82,0.93,0.93
03/03/2023,0.93,0.82,0.93,0.93
02/03/2023,0.93,0.82,0.92,0.93
01/03/2023,0.92,0.82,0.92,0.92
28/02/2023,0.92,0.82,0.92,0.92
27/02/2023,0.92,0.82,0.92,0.92
24/02/2023,0.92,0.82,0.92,0.92
23/02/2023,0.92,0.82,0.90,0.92
22/02/2023,0.90,0.82,0.90,0.90
21/02/2023,0.90,0.82,0.90,0.90
20/02/2023,0.90,0.82,0.90,0.90
17/02/2023,0.90,0.82,0.90,0.90
16/02/2023,0.90,0.82,0.90,0.90
15/02/2023,0.90,0.82,0.90,0.90
14/02/2023,0.90,0.82,0.90,0.90
13/02/2023,0.90,0.82,0.88,0.90
10/02/2023,0.88,0.82,0.88,0.88
09/02/2023,0.88,0.82,0.88,0.88
08/02/2023,0.88,0.82,0.88,0.88
07/02/2023,0.88,0.82,0.88,0.88
06/02/2023,0.88,0.82,0.82,0.88
03/02/2023,0.88,0.82,0.87,0.82
01/02/2023,0.88,0.82,0.82,0.87
31/01/2023,0.88,0.82,0.82,0.82
30/01/2023,0.88,0.82,0.88,0.82
27/01/2023,0.88,0.88,0.88,0.88
26/01/2023,0.88,0.88,0.88,0.88
24/01/2023,0.88,0.88,0.88,0.88
23/01/2023,0.88,0.88,0.88,0.88
20/01/2023,0.88,0.88,0.88,0.88
19/01/2023,0.88,0.88,0.88,0.88
18/01/2023,0.88,0.88,0.88,0.88
17/01/2023,0.88,0.88,0.88,0.88
16/01/2023,0.88,0.88,0.88,0.88
13/01/2023,0.88,0.88,0.88,0.88
12/01/2023,0.88,0.88,0.88,0.88
11/01/2023,0.88,0.88,0.88,0.88
10/01/2023,0.88,0.88,0.88,0.88
09/01/2023,1.40,1.40,1.40,1.40
06/01/2023,0.88,0.88,0.88,0.88
05/01/2023,0.88,0.88,0.88,0.88
04/01/2023,0.88,0.88,0.88,0.88
03/01/2023,0.88,0.88,0.88,0.88
30/12/2022,1.11,0.75,0.88,0.88
29/12/2022,1.11,0.75,0.88,0.88
28/12/2022,1.11,0.75,0.88,0.88
23/12/2022,1.11,0.75,0.88,0.88
22/12/2022,1.11,0.75,0.88,0.88
21/12/2022,1.11,0.75,0.88,0.88
20/12/2022,1.11,0.75,0.88,0.88
19/12/2022,1.11,0.75,0.88,0.88
16/12/2022,1.11,0.75,0.88,0.88
15/12/2022,1.11,0.75,0.88,0.88
14/12/2022,1.11,0.75,0.88,0.88
13/12/2022,1.11,0.75,0.88,0.88
12/12/2022,1.11,0.75,0.88,0.88
09/12/2022,1.11,0.75,0.88,0.88
08/12/2022,1.11,0.75,0.88,0.88
07/12/2022,1.11,0.75,0.88,0.88
06/12/2022,1.11,0.75,0.88,0.88
05/12/2022,1.11,0.75,0.88,0.88
01/12/2022,1.11,0.75,0.88,0.88
30/11/2022,1.11,0.75,0.88,0.88
29/11/2022,1.11,0.75,0.88,0.88
28/11/2022,1.11,0.75,0.88,0.88
25/11/2022,1.11,0.75,0.88,0.88
24/11/2022,1.11,0.75,0.88,0.88
23/11/2022,1.11,0.75,0.88,0.88
22/11/2022,1.11,0.75,0.88,0.88
21/11/2022,1.11,0.75,0.88,0.88
18/11/2022,1.11,0.75,0.88,0.88
17/11/2022,1.11,0.75,0.88,0.88
16/11/2022,1.11,0.75,0.87,0.88
15/11/2022,1.11,0.75,0.87,0.87
14/11/2022,1.11,0.75,0.87,0.87
11/11/2022,1.11,0.75,0.88,0.87
10/11/2022,1.11,0.75,0.88,0.88
09/11/2022,1.11,0.75,0.88,0.88
08/11/2022,1.11,0.75,0.88,0.88
07/11/2022,1.11,0.75,0.88,0.88
04/11/2022,1.11,0.75,0.87,0.88
03/11/2022,1.11,0.75,0.87,0.87
02/11/2022,1.11,0.75,0.88,0.87
01/11/2022,1.11,0.75,0.88,0.88
31/10/2022,1.11,0.75,0.88,0.88
28/10/2022,1.11,0.75,0.88,0.88
28/10/2022,1.11,0.75,0.88,0.88
27/10/2022,1.11,0.75,0.88,0.88
26/10/2022,1.11,0.75,0.88,0.88
25/10/2022,1.11,0.75,0.87,0.88
24/10/2022,1.11,0.75,0.80,0.87
21/10/2022,1.11,0.75,0.80,0.80
20/10/2022,1.11,0.75,0.88,0.80
19/10/2022,1.11,0.75,0.88,0.88
18/10/2022,1.11,0.75,0.88,0.88
17/10/2022,1.11,0.75,0.88,0.88
14/10/2022,1.11,0.75,0.88,0.88
13/10/2022,1.11,0.75,0.88,0.88
12/10/2022,1.11,0.75,0.88,0.88
11/10/2022,1.11,0.75,0.88,0.88
10/10/2022,1.11,0.75,0.88,0.88
07/10/2022,1.11,0.75,0.88,0.88
06/10/2022,1.11,0.75,0.88,0.88
05/10/2022,1.11,0.75,0.88,0.88
04/10/2022,1.11,0.75,0.88,0.88
03/10/2022,1.11,0.75,0.88,0.88
30/09/2022,1.11,0.75,0.88,0.88
29/09/2022,1.11,0.75,0.88,0.88
28/09/2022,1.11,0.75,0.88,0.88
27/09/2022,1.11,0.75,0.91,0.88
23/09/2022,1.11,0.75,0.91,0.91
22/09/2022,1.11,0.75,0.91,0.91
20/09/2022,1.11,0.75,0.91,0.91
19/09/2022,1.11,0.75,0.91,0.91
16/09/2022,1.11,0.75,0.91,0.91
15/09/2022,1.11,0.75,0.91,0.91
14/09/2022,1.11,0.75,0.91,0.91
13/09/2022,1.11,0.75,0.91,0.91
12/09/2022,1.11,0.75,0.91,0.91
09/09/2022,1.11,0.75,0.91,0.91
08/09/2022,1.11,0.75,0.91,0.91
07/09/2022,1.11,0.75,0.91,0.91
06/09/2022,1.11,0.75,0.91,0.91
05/09/2022,1.11,0.75,0.91,0.91
02/09/2022,1.11,0.75,0.91,0.91
01/09/2022,1.11,0.75,0.91,0.91
31/08/2022,1.11,0.75,0.91,0.91
30/08/2022,1.11,0.75,0.91,0.91
29/08/2022,1.11,0.75,0.91,0.91
26/08/2022,1.11,0.75,0.91,0.91
25/08/2022,1.11,0.75,0.91,0.91
24/08/2022,1.11,0.75,0.91,0.91
23/08/2022,1.11,0.75,0.95,0.91
22/08/2022,1.11,0.75,0.95,0.95
19/08/2022,1.11,0.75,0.95,0.95
18/08/2022,1.11,0.75,0.95,0.95
17/08/2022,1.11,0.75,0.95,0.95
16/08/2022,1.11,0.75,0.95,0.95
15/08/2022,1.11,0.75,0.95,0.95
12/08/2022,1.11,0.75,0.88,0.95
11/08/2022,1.11,0.75,0.88,0.88
10/08/2022,1.11,0.75,0.80,0.88
09/08/2022,1.11,0.75,0.80,0.80
08/08/2022,1.11,0.75,0.80,0.80
05/08/2022,1.11,0.75,0.80,0.80
03/08/2022,1.11,0.75,0.75,0.80
02/08/2022,1.11,0.75,0.83,0.75
01/08/2022,1.11,0.83,0.91,0.83
29/07/2022,1.11,0.83,0.91,0.91
28/07/2022,1.11,0.83,0.91,0.91
27/07/2022,1.11,0.83,0.83,0.91
26/07/2022,1.11,0.83,0.83,0.83
25/07/2022,1.11,0.83,0.83,0.83
22/07/2022,1.11,0.83,0.83,0.83
21/07/2022,1.11,0.83,0.83,0.83
20/07/2022,1.11,0.83,0.83,0.83
19/07/2022,1.11,0.83,0.83,0.83
18/07/2022,1.11,0.83,0.83,0.83
14/07/2022,1.11,0.83,0.87,0.83
13/07/2022,1.11,0.86,0.90,0.87
12/07/2022,1.11,0.86,0.90,0.90
08/07/2022,1.11,0.86,0.90,0.90
07/07/2022,1.11,0.86,0.90,0.90
06/07/2022,1.11,0.86,0.90,0.90
05/07/2022,1.11,0.86,0.90,0.90
04/07/2022,1.11,0.86,0.90,0.90
01/07/2022,1.11,0.86,0.90,0.90
30/06/2022,1.11,0.86,0.90,0.90
29/06/2022,1.11,0.86,0.90,0.90
28/06/2022,1.11,0.86,0.87,0.90
27/06/2022,1.11,0.86,0.87,0.87
24/06/2022,1.11,0.86,0.87,0.87
23/06/2022,1.11,0.86,0.86,0.87
22/06/2022,1.11,0.86,0.86,0.86
20/06/2022,1.11,0.86,0.86,0.86
17/06/2022,1.11,0.86,0.90,0.86
16/06/2022,1.11,0.90,0.90,0.90
15/06/2022,1.11,0.90,0.90,0.90
14/06/2022,1.11,0.90,0.90,0.90
13/06/2022,1.11,0.90,0.90,0.90
10/06/2022,1.11,0.90,0.90,0.90
09/06/2022,1.11,0.90,0.90,0.90
08/06/2022,1.11,0.90,0.90,0.90
07/06/2022,1.11,0.90,0.90,0.90
06/06/2022,1.11,0.90,0.90,0.90
03/06/2022,1.11,0.90,0.90,0.90
02/06/2022,1.11,0.90,0.90,0.90
01/06/2022,1.11,0.90,0.90,0.90
31/05/2022,1.11,0.90,0.90,0.90
30/05/2022,1.11,0.90,0.90,0.90
27/05/2022,1.11,0.90,0.90,0.90
26/05/2022,1.11,0.90,0.90,0.90
25/05/2022,1.11,0.90,0.90,0.90
24/05/2022,1.11,0.90,0.90,0.90
23/05/2022,1.11,0.90,0.90,0.90
20/05/2022,1.11,0.90,0.90,0.90
19/05/2022,1.11,0.90,0.94,0.90
18/05/2022,1.11,0.90,0.92,0.94
17/05/2022,1.11,0.90,0.90,0.92
16/05/2022,1.11,0.90,0.90,0.90
13/05/2022,1.11,0.90,0.90,0.90
12/05/2022,1.11,0.90,0.92,0.90
10/05/2022,1.11,1.00,1.00,1.00
09/05/2022,1.11,1.00,1.00,1.00
06/05/2022,1.11,1.00,1.00,1.00
05/05/2022,1.11,1.00,1.00,1.00
04/05/2022,1.11,1.00,1.00,1.00
29/04/2022,1.11,1.00,1.00,1.00
28/04/2022,1.11,1.00,1.00,1.00
27/04/2022,1.11,1.00,1.00,1.00
26/04/2022,1.11,1.00,1.00,1.00
25/04/2022,1.11,1.00,1.00,1.00
22/04/2022,1.11,1.00,1.00,1.00
21/04/2022,1.11,1.00,1.00,1.00
20/04/2022,1.11,1.00,1.00,1.00
19/04/2022,1.11,1.00,1.00,1.00
14/04/2022,1.11,1.00,1.00,1.00
13/04/2022,1.11,1.00,1.00,1.00
12/04/2022,1.11,1.00,1.00,1.00
11/04/2022,1.11,1.00,1.00,1.00
08/04/2022,1.11,1.00,1.00,1.00
07/04/2022,1.11,1.00,1.00,1.00
06/04/2022,1.11,1.00,1.00,1.00
05/04/2022,1.11,1.00,1.00,1.00
04/04/2022,1.11,1.00,1.06,1.00
01/04/2022,1.11,1.05,1.06,1.06
31/03/2022,1.11,1.05,1.06,1.06
30/03/2022,1.11,1.05,1.06,1.06
29/03/2022,1.11,1.05,1.06,1.06
28/03/2022,1.11,1.05,1.06,1.06
25/03/2022,1.11,1.05,1.06,1.06
24/03/2022,1.11,1.05,1.06,1.06
23/03/2022,1.11,1.05,1.06,1.06
22/03/2022,1.11,1.05,1.06,1.06
21/03/2022,1.11,1.05,1.06,1.06
18/03/2022,1.11,1.05,1.06,1.06
17/03/2022,1.11,1.05,1.06,1.06
16/03/2022,1.11,1.05,1.06,1.06
15/03/2022,1.11,1.05,1.08,1.06
14/03/2022,1.11,1.05,1.08,1.08
11/03/2022,1.11,1.05,1.08,1.08
10/03/2022,1.11,1.05,1.08,1.08
09/03/2022,1.11,1.05,1.08,1.08
08/03/2022,1.11,1.05,1.08,1.08
04/03/2022,1.11,1.05,1.08,1.08
03/03/2022,1.11,1.05,1.08,1.08
02/03/2022,1.11,1.05,1.08,1.08
01/03/2022,1.11,1.05,1.05,1.08
28/02/2022,1.11,1.05,1.05,1.05
25/02/2022,1.11,1.05,1.05,1.05
24/02/2022,1.11,1.05,1.05,1.05
23/02/2022,1.11,1.05,1.05,1.05
22/02/2022,1.11,1.05,1.05,1.05
21/02/2022,1.11,1.05,1.05,1.05
18/02/2022,1.11,1.05,1.05,1.05
17/02/2022,1.11,1.05,1.05,1.05
16/02/2022,1.11,1.05,1.05,1.05
15/02/2022,1.11,1.05,1.08,1.05
14/02/2022,1.11,1.06,1.08,1.08
11/02/2022,1.11,1.06,1.08,1.08
10/02/2022,1.11,1.06,1.08,1.08
09/02/2022,1.11,1.06,1.08,1.08
08/02/2022,1.11,1.06,1.08,1.08
07/02/2022,1.11,1.06,1.08,1.08
04/02/2022,1.11,1.06,1.08,1.08
03/02/2022,1.11,1.06,1.09,1.08
02/02/2022,1.11,1.06,1.11,1.09
01/02/2022,1.11,1.06,1.11,1.11
31/01/2022,1.11,1.06,1.11,1.11
28/01/2022,1.11,1.06,1.11,1.11
27/01/2022,1.11,1.06,1.11,1.11
26/01/2022,1.11,1.06,1.11,1.11
25/01/2022,1.11,1.06,1.11,1.11
24/01/2022,1.11,1.06,1.11,1.11
21/01/2022,1.11,1.06,1.11,1.11
20/01/2022,1.11,1.06,1.11,1.11
19/01/2022,1.11,1.06,1.09,1.11
18/01/2022,1.11,1.06,1.09,1.09
17/01/2022,1.11,1.06,1.09,1.09
14/01/2022,1.11,1.06,1.08,1.09
13/01/2022,1.11,1.06,1.06,1.08
12/01/2022,1.11,1.06,1.03,1.06
11/01/2022,1.11,1.06,1.03,1.03
10/01/2022,1.11,1.06,1.07,1.03
06/01/2022,1.11,1.06,1.07,1.07
05/01/2022,1.11,1.06,1.06,1.07
04/01/2022,1.11,1.06,1.11,1.06
31/12/2021,1.33,0.64,1.12,1.11
30/12/2021,1.33,0.64,1.13,1.12
29/12/2021,1.33,0.64,1.13,1.13
24/12/2021,1.33,0.64,1.13,1.13
23/12/2021,1.33,0.64,1.13,1.13
22/12/2021,1.33,0.64,1.16,1.13
21/12/2021,1.33,0.64,1.16,1.16
20/12/2021,1.33,0.64,1.16,1.16
17/12/2021,1.33,0.64,1.15,1.16
16/12/2021,1.33,0.64,1.16,1.15
15/12/2021,1.33,0.64,1.16,1.16
14/12/2021,1.33,0.64,1.16,1.16
13/12/2021,1.33,0.64,1.16,1.16
10/12/2021,1.33,0.64,1.15,1.16
09/12/2021,1.33,0.64,1.15,1.15
08/12/2021,1.33,0.64,1.16,1.15
07/12/2021,1.33,0.64,1.18,1.16
06/12/2021,1.33,0.64,1.18,1.18
02/12/2021,1.33,0.64,1.18,1.18
01/12/2021,1.33,0.64,1.20,1.18
30/11/2021,1.33,0.64,1.20,1.20
29/11/2021,1.33,0.64,1.20,1.20
26/11/2021,1.33,0.64,1.20,1.20
25/11/2021,1.33,0.64,1.20,1.20
24/11/2021,1.33,0.64,1.20,1.20
23/11/2021,1.33,0.64,1.24,1.20
22/11/2021,1.33,0.64,1.25,1.24
18/11/2021,1.33,0.64,1.32,1.32
17/11/2021,1.33,0.64,1.33,1.32
16/11/2021,1.33,0.64,1.32,1.33
15/11/2021,1.32,0.64,1.30,1.32
12/11/2021,1.30,0.64,1.30,1.30
11/11/2021,1.30,0.64,1.29,1.30
10/11/2021,1.30,0.64,1.27,1.29
09/11/2021,1.30,0.64,1.30,1.27
08/11/2021,1.30,0.64,1.27,1.30
05/11/2021,1.27,0.64,1.27,1.27
04/11/2021,1.27,0.64,1.27,1.27
03/11/2021,1.27,0.64,1.24,1.27
02/11/2021,1.26,0.64,1.24,1.21
01/11/2021,1.26,0.64,1.24,1.21
29/10/2021,1.26,0.64,1.24,1.21
28/10/2021,1.26,0.64,1.20,1.24
27/10/2021,1.26,0.64,1.20,1.20
26/10/2021,1.26,0.64,1.20,1.20
25/10/2021,1.26,0.64,1.20,1.20
22/10/2021,1.26,0.64,1.20,1.20
21/10/2021,1.26,0.64,1.20,1.20
20/10/2021,1.26,0.64,1.20,1.20
19/10/2021,1.26,0.64,1.20,1.20
18/10/2021,1.26,0.64,1.20,1.20
15/10/2021,1.26,0.64,1.20,1.20
14/10/2021,1.26,0.64,1.20,1.20
13/10/2021,1.26,0.64,1.21,1.20
12/10/2021,1.26,0.64,1.23,1.21
11/10/2021,1.26,0.64,1.23,1.23
08/10/2021,1.26,0.64,1.24,1.23
07/10/2021,1.26,0.64,1.24,1.24
06/10/2021,1.26,0.64,1.24,1.24
05/10/2021,1.26,0.64,1.24,1.24
04/10/2021,1.26,0.64,1.24,1.24
01/10/2021,1.26,0.64,1.24,1.24
30/09/2021,1.26,0.64,1.23,1.24
29/09/2021,1.26,0.64,1.23,1.23
28/09/2021,1.26,0.64,1.14,1.23
27/09/2021,1.26,0.64,1.12,1.14
24/09/2021,1.26,0.64,1.12,1.12
23/09/2021,1.26,0.64,1.24,1.12
22/09/2021,1.26,0.64,1.24,1.24
20/09/2021,1.26,0.64,1.24,1.24
16/09/2021,1.26,0.64,1.24,1.24
15/09/2021,1.26,0.64,1.24,1.24
14/09/2021,1.26,0.64,1.26,1.24
13/09/2021,1.26,0.64,1.26,1.26
10/09/2021,1.26,0.64,1.26,1.26
09/09/2021,1.26,0.64,1.26,1.26
08/09/2021,1.26,0.64,1.24,1.26
07/09/2021,1.26,0.64,1.24,1.24
06/09/2021,1.26,0.64,1.24,1.24
03/09/2021,1.26,0.64,1.24,1.24
02/09/2021,1.26,0.64,1.24,1.24
01/09/2021,1.26,0.64,1.24,1.24
31/08/2021,1.26,0.64,1.24,1.24
30/08/2021,1.26,0.64,1.24,1.24
27/08/2021,1.26,0.64,1.23,1.24
26/08/2021,1.26,0.64,1.24,1.23
25/08/2021,1.26,0.64,1.26,1.24
24/08/2021,1.26,0.64,1.26,1.26
23/08/2021,1.26,0.64,1.26,1.26
20/08/2021,1.26,0.64,1.26,1.26
19/08/2021,1.26,0.64,1.26,1.26
18/08/2021,1.26,0.64,1.26,1.26
17/08/2021,1.26,0.64,1.26,1.26
16/08/2021,1.26,0.64,1.26,1.26
13/08/2021,1.26,0.64,1.26,1.26
12/08/2021,1.26,0.64,1.26,1.26
11/08/2021,1.26,0.64,1.26,1.26
10/08/2021,1.26,0.64,1.26,1.26
09/08/2021,1.26,0.64,1.26,1.26
06/08/2021,1.26,0.64,1.26,1.26
05/08/2021,1.26,0.64,1.26,1.26
03/08/2021,1.26,0.64,1.26,1.26
02/08/2021,1.26,0.64,1.25,1.26
30/07/2021,1.26,0.64,1.25,1.25
29/07/2021,1.26,0.64,1.25,1.25
28/07/2021,1.26,0.64,1.25,1.25
27/07/2021,1.26,0.64,1.20,1.25
26/07/2021,1.26,0.64,1.20,1.20
23/07/2021,1.26,0.64,1.18,1.20
22/07/2021,1.26,0.64,1.18,1.18
21/07/2021,1.26,0.64,1.20,1.18
19/07/2021,1.26,0.64,1.20,1.20
16/07/2021,1.26,0.64,1.21,1.20
15/07/2021,1.26,0.64,1.21,1.21
14/07/2021,1.26,0.64,1.21,1.21
13/07/2021,1.26,0.64,1.20,1.21
12/07/2021,1.26,0.64,1.20,1.20
09/07/2021,1.26,0.64,1.20,1.20
08/07/2021,1.26,0.64,1.20,1.20
07/07/2021,1.26,0.64,1.20,1.20
06/07/2021,1.26,0.64,1.20,1.20
05/07/2021,1.26,0.64,1.20,1.20
02/07/2021,1.26,0.64,1.20,1.20
01/07/2021,1.26,0.64,1.20,1.20
30/06/2021,1.26,0.64,1.20,1.20
29/06/2021,1.26,0.64,1.20,1.20
28/06/2021,1.26,0.64,1.20,1.20
25/06/2021,1.26,0.64,1.20,1.20
24/06/2021,1.26,0.64,1.20,1.20
23/06/2021,1.26,0.64,1.20,1.20
22/06/2021,1.26,0.64,1.20,1.20
21/06/2021,1.26,0.64,1.20,1.20
18/06/2021,1.26,0.64,1.20,1.20
17/06/2021,1.26,0.64,1.20,1.20
16/06/2021,1.26,0.64,1.20,1.20
15/06/2021,1.26,0.64,1.24,1.20
14/06/2021,1.26,0.64,1.25,1.24
11/06/2021,1.26,0.64,1.25,1.25
10/06/2021,1.26,0.64,1.25,1.25
09/06/2021,1.26,0.64,1.25,1.25
08/06/2021,1.26,0.64,1.25,1.25
04/06/2021,1.26,0.64,1.10,1.15
03/06/2021,1.26,0.64,1.10,1.10
02/06/2021,1.26,0.64,1.00,1.10
01/06/2021,1.26,0.64,1.00,1.00
31/05/2021,1.26,0.64,1.00,1.00
28/05/2021,1.26,0.64,1.00,1.00
27/05/2021,1.26,0.64,1.00,1.00
26/05/2021,1.26,0.64,1.00,1.00
25/05/2021,1.26,0.64,1.00,1.00
24/05/2021,1.26,0.64,1.00,1.00
21/05/2021,1.26,0.64,1.02,1.00
20/05/2021,1.26,0.64,1.06,1.02
19/05/2021,1.26,0.64,1.13,1.06
18/05/2021,1.26,0.64,1.14,1.13
17/05/2021,1.26,0.64,1.14,1.14
14/05/2021,1.26,0.64,1.17,1.14
12/05/2021,1.26,0.64,1.19,1.17
11/05/2021,1.26,0.64,1.24,1.19
10/05/2021,1.26,0.64,1.24,1.24
07/05/2021,1.26,0.64,1.26,1.24
06/05/2021,1.26,0.64,1.25,1.26
05/05/2021,1.25,0.64,1.23,1.25
04/05/2021,1.23,0.64,1.14,1.23
30/04/2021,1.14,0.64,1.04,1.14
29/04/2021,1.04,0.64,1.04,1.04
28/04/2021,1.04,0.64,0.96,1.04
27/04/2021,0.96,0.64,0.96,0.96
26/04/2021,0.96,0.64,0.96,0.96
23/04/2021,0.96,0.64,0.96,0.96
22/04/2021,0.96,0.64,0.96,0.96
21/04/2021,0.96,0.64,0.95,0.96
20/04/2021,0.95,0.64,0.94,0.95
19/04/2021,0.94,0.64,0.93,0.94
16/04/2021,0.93,0.64,0.93,0.93
15/04/2021,0.93,0.64,0.93,0.93
14/04/2021,0.93,0.64,0.93,0.93
13/04/2021,0.93,0.64,0.93,0.93
12/04/2021,0.93,0.64,0.93,0.93
09/04/2021,0.93,0.64,0.89,0.93
08/04/2021,0.89,0.64,0.89,0.89
07/04/2021,0.89,0.64,0.85,0.89
06/04/2021,0.85,0.64,0.85,0.85
01/04/2021,0.85,0.64,0.85,0.85
31/03/2021,0.85,0.64,0.85,0.85
30/03/2021,0.85,0.64,0.85,0.85
29/03/2021,0.85,0.64,0.85,0.85
26/03/2021,0.85,0.64,0.85,0.85
25/03/2021,0.85,0.64,0.85,0.85
24/03/2021,0.85,0.64,0.85,0.85
23/03/2021,0.85,0.64,0.85,0.85
22/03/2021,0.85,0.64,0.83,0.85
19/03/2021,0.85,0.64,0.83,0.83
18/03/2021,0.85,0.64,0.85,0.83
17/03/2021,0.85,0.64,0.85,0.85
15/03/2021,0.84,0.64,0.84,0.84
12/03/2021,0.84,0.64,0.84,0.84
11/03/2021,0.84,0.64,0.83,0.84
09/03/2021,0.83,0.64,0.83,0.83
05/03/2021,0.83,0.64,0.83,0.83
04/03/2021,0.83,0.64,0.83,0.83
03/03/2021,0.83,0.64,0.83,0.83
02/03/2021,0.83,0.64,0.83,0.83
01/03/2021,0.83,0.64,0.82,0.83
26/02/2021,0.82,0.64,0.80,0.82
25/02/2021,0.80,0.64,0.80,0.80
24/02/2021,0.80,0.64,0.80,0.80
23/02/2021,0.80,0.64,0.80,0.80
22/02/2021,0.80,0.64,0.80,0.80
19/02/2021,0.80,0.64,0.80,0.80
18/02/2021,0.80,0.64,0.80,0.80
17/02/2021,0.80,0.64,0.80,0.80
16/02/2021,0.80,0.64,0.80,0.80
15/02/2021,0.80,0.64,0.79,0.80
12/02/2021,0.79,0.64,0.75,0.79
11/02/2021,0.75,0.64,0.73,0.75
10/02/2021,0.73,0.64,0.72,0.73
09/02/2021,0.72,0.64,0.70,0.72
08/02/2021,0.70,0.64,0.70,0.70
05/02/2021,0.70,0.64,0.70,0.70
03/02/2021,0.70,0.64,0.68,0.70
02/02/2021,0.68,0.64,0.68,0.68
01/02/2021,0.68,0.64,0.68,0.68
29/01/2021,0.68,0.64,0.68,0.68
28/01/2021,0.68,0.64,0.68,0.68
27/01/2021,0.68,0.64,0.68,0.68
26/01/2021,0.68,0.64,0.68,0.68
25/01/2021,0.68,0.64,0.68,0.68
22/01/2021,0.68,0.64,0.68,0.68
21/01/2021,0.68,0.64,0.67,0.68
20/01/2021,0.67,0.64,0.66,0.67
19/01/2021,0.66,0.64,0.66,0.66
18/01/2021,0.66,0.64,0.66,0.66
15/01/2021,0.66,0.64,0.66,0.66
14/01/2021,0.66,0.64,0.66,0.66
13/01/2021,0.66,0.64,0.66,0.66
12/01/2021,0.66,0.64,0.65,0.66
11/01/2021,0.65,0.64,0.65,0.65
08/01/2021,0.65,0.64,0.64,0.65
06/01/2021,0.64,0.64,0.64,0.64
05/01/2021,0.64,0.64,0.64,0.64
04/01/2021,0.70,0.55,0.64,0.64
31/12/2020,0.70,0.55,0.64,0.64
30/12/2020,0.70,0.55,0.64,0.64
29/12/2020,0.70,0.55,0.64,0.64
24/12/2020,0.70,0.55,0.63,0.64
23/12/2020,0.70,0.55,0.63,0.63
22/12/2020,0.70,0.55,0.63,0.63
21/12/2020,0.70,0.55,0.62,0.63
18/12/2020,0.70,0.55,0.62,0.63
17/12/2020,0.70,0.55,0.62,0.63
16/12/2020,0.70,0.55,0.62,0.62
15/12/2020,0.70,0.55,0.62,0.62
14/12/2020,0.70,0.55,0.61,0.62
11/12/2020,0.70,0.55,0.61,0.61
10/12/2020,0.70,0.55,0.62,0.61
09/12/2020,0.70,0.55,0.62,0.62
08/12/2020,0.70,0.55,0.61,0.62
04/12/2020,0.70,0.55,0.61,0.61
03/12/2020,0.70,0.55,0.61,0.61
02/12/2020,0.70,0.55,0.61,0.61
01/12/2020,0.70,0.55,0.61,0.61
30/11/2020,0.70,0.55,0.61,0.61
27/11/2020,0.70,0.55,0.60,0.60
26/11/2020,0.70,0.55,0.61,0.60
25/11/2020,0.70,0.55,0.61,0.61
24/11/2020,0.70,0.55,0.61,0.61
23/11/2020,0.70,0.55,0.61,0.61
20/11/2020,0.70,0.55,0.60,0.61
19/11/2020,0.70,0.55,0.60,0.60
18/11/2020,0.70,0.55,0.61,0.60
17/11/2020,0.70,0.55,0.61,0.61
16/11/2020,0.70,0.55,0.61,0.61
13/11/2020,0.70,0.55,0.61,0.61
12/11/2020,0.70,0.55,0.61,0.61
11/11/2020,0.70,0.55,0.61,0.61
10/11/2020,0.70,0.55,0.61,0.61
09/11/2020,0.70,0.55,0.61,0.61
06/11/2020,0.70,0.55,0.61,0.61
05/11/2020,0.70,0.55,0.61,0.61
04/11/2020,0.70,0.55,0.61,0.61
03/11/2020,0.70,0.55,0.61,0.61
02/11/2020,0.70,0.55,0.61,0.61
30/10/2020,0.70,0.55,0.61,0.61
29/10/2020,0.70,0.55,0.61,0.61
28/10/2020,0.70,0.55,0.61,0.61
27/10/2020,0.70,0.55,0.61,0.61
26/10/2020,0.70,0.55,0.62,0.61
23/10/2020,0.70,0.55,0.62,0.62
22/10/2020,0.70,0.55,0.62,0.62
21/10/2020,0.70,0.55,0.62,0.62
20/10/2020,0.70,0.55,0.61,0.62
19/10/2020,0.70,0.55,0.61,0.61
16/10/2020,0.70,0.55,0.61,0.61
15/10/2020,0.70,0.55,0.61,0.61
14/10/2020,0.70,0.55,0.61,0.61
13/10/2020,0.70,0.55,0.61,0.61
12/10/2020,0.70,0.55,0.61,0.61
09/10/2020,0.70,0.55,0.60,0.61
08/10/2020,0.70,0.55,0.60,0.60
07/10/2020,0.70,0.55,0.60,0.60
06/10/2020,0.70,0.55,0.60,0.60
05/10/2020,0.70,0.55,0.60,0.60
02/10/2020,0.70,0.55,0.60,0.60
01/10/2020,0.70,0.55,0.61,0.60
30/09/2020,0.70,0.55,0.61,0.61
29/09/2020,0.70,0.55,0.61,0.61
28/09/2020,0.70,0.55,0.60,0.61
25/09/2020,0.70,0.55,0.60,0.60
24/09/2020,0.70,0.55,0.60,0.60
23/09/2020,0.70,0.55,0.60,0.60
22/09/2020,0.70,0.55,0.60,0.60
18/09/2020,0.70,0.55,0.60,0.60
17/09/2020,0.70,0.55,0.60,0.60
16/09/2020,0.70,0.55,0.58,0.60
15/09/2020,0.70,0.55,0.59,0.58
14/09/2020,0.70,0.55,0.59,0.59
11/09/2020,0.70,0.55,0.59,0.59
10/09/2020,0.70,0.55,0.59,0.59
09/09/2020,0.70,0.55,0.59,0.59
08/09/2020,0.70,0.55,0.59,0.59
07/09/2020,0.70,0.55,0.59,0.59
04/09/2020,0.70,0.55,0.59,0.59
03/09/2020,0.70,0.55,0.58,0.59
02/09/2020,0.70,0.55,0.59,0.58
01/09/2020,0.70,0.55,0.59,0.59
31/08/2020,0.70,0.55,0.59,0.59
28/08/2020,0.70,0.55,0.59,0.59
27/08/2020,0.70,0.55,0.59,0.59
26/08/2020,0.70,0.55,0.58,0.59
25/08/2020,0.70,0.55,0.59,0.58
24/08/2020,0.70,0.55,0.59,0.59
21/08/2020,0.70,0.55,0.58,0.59
20/08/2020,0.70,0.55,0.58,0.58
19/08/2020,0.70,0.55,0.58,0.58
18/08/2020,0.70,0.55,0.58,0.58
17/08/2020,0.70,0.55,0.58,0.58
14/08/2020,0.70,0.55,0.58,0.58
13/08/2020,0.70,0.55,0.58,0.58
12/08/2020,0.70,0.55,0.58,0.58
11/08/2020,0.70,0.55,0.58,0.58
10/08/2020,0.70,0.55,0.58,0.58
07/08/2020,0.70,0.55,0.58,0.58
06/08/2020,0.70,0.55,0.58,0.58
05/08/2020,0.70,0.55,0.58,0.58
03/08/2020,0.70,0.55,0.57,0.58
30/07/2020,0.70,0.55,0.57,0.57
29/07/2020,0.70,0.55,0.56,0.57
28/07/2020,0.70,0.55,0.56,0.56
27/07/2020,0.70,0.55,0.56,0.56
24/07/2020,0.70,0.55,0.56,0.56
23/07/2020,0.70,0.55,0.56,0.56
22/07/2020,0.70,0.55,0.57,0.56
21/07/2020,0.70,0.55,0.57,0.57
20/07/2020,0.70,0.55,0.56,0.57
17/07/2020,0.57,0.56,0.57,0.56
16/07/2020,0.57,0.57,0.57,0.57
15/07/2020,0.57,0.57,0.57,0.57
14/07/2020,0.57,0.57,0.57,0.57
13/07/2020,0.70,0.55,0.57,0.57
10/07/2020,0.70,0.55,0.57,0.57
09/07/2020,0.70,0.55,0.57,0.57
08/07/2020,0.70,0.55,0.58,0.57
07/07/2020,0.70,0.55,0.58,0.58
06/07/2020,0.70,0.55,0.58,0.58
03/07/2020,0.70,0.55,0.58,0.58
02/07/2020,0.70,0.55,0.59,0.58
01/07/2020,0.70,0.55,0.59,0.59
30/06/2020,0.70,0.55,0.56,0.59
29/06/2020,0.70,0.55,0.56,0.56
26/06/2020,0.70,0.55,0.56,0.56
25/06/2020,0.70,0.55,0.59,0.56
24/06/2020,0.70,0.55,0.59,0.59
23/06/2020,0.70,0.55,0.59,0.59
22/06/2020,0.70,0.55,0.59,0.59
19/06/2020,0.70,0.55,0.59,0.59
18/06/2020,0.70,0.55,0.60,0.59
17/06/2020,0.70,0.55,0.58,0.60
16/06/2020,0.70,0.55,0.58,0.58
15/06/2020,0.70,0.55,0.58,0.58
12/06/2020,0.70,0.55,0.58,0.58
11/06/2020,0.70,0.55,0.59,0.58
10/06/2020,0.70,0.55,0.59,0.59
09/06/2020,0.70,0.55,0.58,0.59
08/06/2020,0.70,0.55,0.58,0.58
05/06/2020,0.70,0.55,0.57,0.58
04/06/2020,0.70,0.55,0.56,0.57
03/06/2020,0.70,0.55,0.55,0.56
02/06/2020,0.70,0.55,0.55,0.55
01/06/2020,0.70,0.55,0.55,0.55
29/05/2020,0.70,0.55,0.56,0.55
28/05/2020,0.70,0.56,0.61,0.56
27/05/2020,0.70,0.58,0.61,0.58
26/05/2020,0.70,0.58,0.61,0.60
22/05/2020,0.70,0.58,0.61,0.61
21/05/2020,0.70,0.58,0.59,0.61
20/05/2020,0.70,0.58,0.60,0.59
19/05/2020,0.70,0.58,0.60,0.60
18/05/2020,0.70,0.58,0.58,0.60
15/05/2020,0.70,0.58,0.58,0.58
14/05/2020,0.70,0.58,0.62,0.58
13/05/2020,0.70,0.61,0.64,0.62
12/05/2020,0.70,0.61,0.61,0.64
11/05/2020,0.70,0.61,0.61,0.61
08/05/2020,0.70,0.61,0.61,0.61
07/05/2020,0.70,0.61,0.66,0.61
06/05/2020,0.70,0.62,0.64,0.66
05/05/2020,0.70,0.62,0.68,0.64
04/05/2020,0.70,0.62,0.64,0.68
30/04/2020,0.70,0.62,0.70,0.64
29/04/2020,0.70,0.62,0.62,0.70
28/04/2020,0.70,0.62,0.68,0.62
27/04/2020,0.70,0.65,0.69,0.68
24/04/2020,0.70,0.65,0.69,0.69
23/04/2020,0.70,0.65,0.66,0.69
22/04/2020,0.70,0.65,0.68,0.66
21/04/2020,0.70,0.65,0.68,0.68
20/04/2020,0.70,0.65,0.68,0.68
17/04/2020,0.70,0.65,0.68,0.68
16/04/2020,0.70,0.65,0.68,0.68
15/04/2020,0.70,0.65,0.68,0.68
14/04/2020,0.70,0.65,0.68,0.68
09/04/2020,0.70,0.65,0.65,0.68
08/04/2020,0.70,0.65,0.66,0.65
07/04/2020,0.70,0.66,0.66,0.66
06/04/2020,0.70,0.66,0.68,0.66
03/04/2020,0.70,0.66,0.66,0.68
02/04/2020,0.70,0.66,0.68,0.66
01/04/2020,0.70,0.66,0.68,0.68
31/03/2020,0.70,0.66,0.68,0.68
30/03/2020,0.70,0.66,0.68,0.68
27/03/2020,0.70,0.66,0.68,0.68
26/03/2020,0.70,0.66,0.68,0.68
25/03/2020,0.70,0.66,0.68,0.68
24/03/2020,0.70,0.66,0.68,0.68
23/03/2020,0.70,0.66,0.68,0.68
20/03/2020,0.70,0.66,0.68,0.68
19/03/2020,0.70,0.66,0.68,0.68
18/03/2020,0.70,0.66,0.69,0.68
17/03/2020,0.70,0.66,0.68,0.69
16/03/2020,0.70,0.66,0.68,0.68
13/03/2020,0.70,0.66,0.70,0.68
12/03/2020,0.70,0.66,0.70,0.70
11/03/2020,0.70,0.66,0.68,0.70
10/03/2020,0.70,0.66,0.68,0.68
09/03/2020,0.70,0.66,0.68,0.68
05/03/2020,0.70,0.66,0.67,0.68
04/03/2020,0.70,0.66,0.70,0.67
03/03/2020,0.70,0.66,0.68,0.70
02/03/2020,0.70,0.66,0.70,0.68
28/02/2020,0.70,0.66,0.67,0.70
27/02/2020,0.70,0.66,0.67,0.67
26/02/2020,0.70,0.66,0.67,0.67
25/02/2020,0.70,0.66,0.67,0.67
24/02/2020,0.70,0.66,0.67,0.67
21/02/2020,0.70,0.66,0.67,0.67
20/02/2020,0.70,0.66,0.67,0.67
19/02/2020,0.70,0.66,0.67,0.67
18/02/2020,0.70,0.66,0.68,0.67
17/02/2020,0.70,0.66,0.67,0.68
14/02/2020,0.70,0.66,0.68,0.67
13/02/2020,0.70,0.66,0.67,0.68
12/02/2020,0.70,0.66,0.67,0.67
11/02/2020,0.70,0.66,0.68,0.67
10/02/2020,0.70,0.66,0.66,0.68
07/02/2020,0.70,0.66,0.68,0.66
06/02/2020,0.70,0.67,0.67,0.68
05/02/2020,0.70,0.67,0.68,0.67
04/02/2020,0.70,0.67,0.68,0.68
03/02/2020,0.70,0.67,0.68,0.68
31/01/2020,0.70,0.67,0.68,0.68
30/01/2020,0.70,0.67,0.68,0.68
29/01/2020,0.70,0.67,0.69,0.68
28/01/2020,0.70,0.67,0.67,0.69
27/01/2020,0.70,0.67,0.68,0.67
24/01/2020,0.70,0.68,0.70,0.68
23/01/2020,0.70,0.68,0.68,0.70
22/01/2020,0.70,0.68,0.68,0.68
21/01/2020,0.70,0.68,0.70,0.68
20/01/2020,0.70,0.69,0.69,0.70
17/01/2020,0.70,0.69,0.70,0.69
16/01/2020,0.70,0.69,0.69,0.70
15/01/2020,0.70,0.69,0.70,0.69
14/01/2020,0.70,0.70,0.70,0.70
13/01/2020,0.70,0.70,0.70,0.70
10/01/2020,0.70,0.70,0.70,0.70
09/01/2020,0.70,0.70,0.70,0.70
08/01/2020,0.70,0.70,0.70,0.70
06/01/2020,0.70,0.70,0.70,0.70
03/01/2020,0.70,0.70,0.70,0.70
02/01/2020,0.70,0.70,0.70,0.70
31/12/2019,0.80,0.67,0.70,0.70
30/12/2019,0.80,0.67,0.70,0.70
27/12/2019,0.80,0.67,0.70,0.70
24/12/2019,0.80,0.67,0.70,0.70
23/12/2019,0.80,0.67,0.69,0.70
20/12/2019,0.80,0.67,0.70,0.69
19/12/2019,0.80,0.67,0.70,0.70
18/12/2019,0.80,0.67,0.70,0.70
17/12/2019,0.80,0.67,0.70,0.70
16/12/2019,0.80,0.67,0.70,0.70
13/12/2019,0.80,0.67,0.71,0.70
12/12/2019,0.80,0.67,0.73,0.71
11/12/2019,0.80,0.67,0.71,0.73
10/12/2019,0.80,0.67,0.70,0.71
09/12/2019,0.80,0.67,0.70,0.70
05/12/2019,0.80,0.67,0.70,0.70
04/12/2019,0.80,0.67,0.70,0.70
03/12/2019,0.80,0.67,0.70,0.70
02/12/2019,0.80,0.67,0.70,0.70
29/11/2019,0.80,0.67,0.70,0.70
28/11/2019,0.80,0.67,0.70,0.70
27/11/2019,0.80,0.67,0.70,0.70
26/11/2019,0.80,0.67,0.70,0.70
25/11/2019,0.80,0.67,0.70,0.71
22/11/2019,0.80,0.67,0.70,0.71
21/11/2019,0.80,0.67,0.70,0.70
20/11/2019,0.80,0.67,0.70,0.70
19/11/2019,0.80,0.67,0.70,0.70
18/11/2019,0.80,0.67,0.70,0.70
15/11/2019,0.80,0.67,0.70,0.70
14/11/2019,0.80,0.67,0.70,0.70
13/11/2019,0.80,0.67,0.70,0.70
12/11/2019,0.80,0.67,0.70,0.70
11/11/2019,0.80,0.67,0.70,0.70
08/11/2019,0.80,0.67,0.70,0.70
07/11/2019,0.80,0.67,0.70,0.70
06/11/2019,0.80,0.67,0.70,0.70
05/11/2019,0.80,0.67,0.70,0.70
04/11/2019,0.80,0.67,0.70,0.70
01/11/2019,0.80,0.67,0.70,0.70
31/10/2019,0.80,0.67,0.70,0.70
30/10/2019,0.80,0.67,0.70,0.70
29/10/2019,0.80,0.67,0.70,0.70
28/10/2019,0.80,0.67,0.70,0.70
25/10/2019,0.80,0.67,0.70,0.70
24/10/2019,0.80,0.67,0.70,0.70
23/10/2019,0.80,0.67,0.70,0.70
22/10/2019,0.80,0.67,0.70,0.70
21/10/2019,0.80,0.67,0.70,0.70
18/10/2019,0.80,0.67,0.70,0.70
17/10/2019,0.80,0.67,0.70,0.70
16/10/2019,0.80,0.67,0.70,0.70
15/10/2019,0.80,0.67,0.70,0.70
14/10/2019,0.80,0.67,0.70,0.70
11/10/2019,0.80,0.67,0.70,0.70
10/10/2019,0.80,0.67,0.70,0.70
09/10/2019,0.80,0.67,0.70,0.70
08/10/2019,0.80,0.67,0.71,0.70
07/10/2019,0.80,0.67,0.70,0.71
04/10/2019,0.80,0.67,0.70,0.70
03/10/2019,0.80,0.67,0.69,0.70
02/10/2019,0.80,0.67,0.69,0.69
01/10/2019,0.80,0.67,0.69,0.69
30/09/2019,0.80,0.67,0.70,0.69
27/09/2019,0.80,0.67,0.70,0.70
26/09/2019,0.80,0.67,0.70,0.70
25/09/2019,0.80,0.67,0.70,0.70
24/09/2019,0.80,0.67,0.70,0.70
20/09/2019,0.80,0.67,0.70,0.70
19/09/2019,0.80,0.67,0.71,0.70
18/09/2019,0.80,0.67,0.71,0.71
17/09/2019,0.80,0.67,0.70,0.71
16/09/2019,0.80,0.67,0.70,0.70
13/09/2019,0.80,0.67,0.71,0.70
12/09/2019,0.80,0.67,0.70,0.71
11/09/2019,0.80,0.67,0.70,0.70
10/09/2019,0.80,0.67,0.70,0.70
09/09/2019,0.80,0.67,0.70,0.70
06/09/2019,0.80,0.67,0.70,0.70
05/09/2019,0.80,0.67,0.72,0.70
04/09/2019,0.80,0.67,0.70,0.72
03/09/2019,0.80,0.67,0.70,0.70
02/09/2019,0.80,0.67,0.72,0.70
30/08/2019,0.80,0.67,0.72,0.72
29/08/2019,0.80,0.67,0.73,0.72
28/08/2019,0.80,0.67,0.72,0.73
27/08/2019,0.80,0.67,0.70,0.72
26/08/2019,0.80,0.67,0.70,0.70
26/08/2019,0.80,0.67,0.70,0.70
23/08/2019,0.80,0.67,0.70,0.70
22/08/2019,0.80,0.67,0.70,0.70
21/08/2019,0.80,0.67,0.70,0.70
20/08/2019,0.80,0.67,0.70,0.70
19/08/2019,0.80,0.67,0.71,0.70
16/08/2019,0.80,0.67,0.73,0.71
15/08/2019,0.80,0.67,0.73,0.73
14/08/2019,0.80,0.67,0.73,0.73
13/08/2019,0.80,0.67,0.70,0.73
09/08/2019,0.80,0.67,0.70,0.70
08/08/2019,0.80,0.67,0.70,0.70
07/08/2019,0.80,0.67,0.70,0.70
06/08/2019,0.80,0.67,0.71,0.70
02/08/2019,0.80,0.67,0.72,0.71
01/08/2019,0.80,0.67,0.72,0.72
31/07/2019,0.80,0.67,0.70,0.72
30/07/2019,0.80,0.67,0.70,0.70
29/07/2019,0.80,0.67,0.71,0.70
26/07/2019,0.80,0.67,0.70,0.71
25/07/2019,0.80,0.67,0.72,0.70
24/07/2019,0.80,0.67,0.72,0.72
23/07/2019,0.80,0.67,0.71,0.72
22/07/2019,0.80,0.67,0.72,0.71
19/07/2019,0.80,0.67,0.70,0.72
18/07/2019,0.80,0.67,0.70,0.70
17/07/2019,0.80,0.67,0.70,0.70
16/07/2019,0.80,0.67,0.70,0.70
15/07/2019,0.80,0.67,0.71,0.70
12/07/2019,0.80,0.67,0.72,0.71
11/07/2019,0.80,0.67,0.71,0.72
10/07/2019,0.80,0.67,0.70,0.71
09/07/2019,0.80,0.67,0.70,0.70
08/07/2019,0.80,0.67,0.70,0.70
05/07/2019,0.80,0.67,0.70,0.70
04/07/2019,0.80,0.67,0.70,0.70
03/07/2019,0.80,0.67,0.70,0.70
02/07/2019,0.80,0.67,0.71,0.70
01/07/2019,0.80,0.67,0.73,0.71
28/06/2019,0.80,0.67,0.73,0.73
27/06/2019,0.80,0.67,0.73,0.73
26/06/2019,0.80,0.67,0.73,0.73
25/06/2019,0.80,0.67,0.72,0.73
24/06/2019,0.80,0.67,0.72,0.72
21/06/2019,0.80,0.67,0.72,0.72
20/06/2019,0.80,0.67,0.72,0.72
19/06/2019,0.80,0.67,0.72,0.72
18/06/2019,0.80,0.67,0.72,0.72
17/06/2019,0.80,0.67,0.72,0.72
14/06/2019,0.80,0.67,0.73,0.72
13/06/2019,0.80,0.67,0.73,0.73
12/06/2019,0.80,0.67,0.73,0.73
11/06/2019,0.80,0.67,0.72,0.73
10/06/2019,0.80,0.67,0.73,0.72
07/06/2019,0.80,0.67,0.72,0.73
06/06/2019,0.80,0.67,0.72,0.72
04/06/2019,0.80,0.67,0.73,0.72
03/06/2019,0.80,0.67,0.72,0.73
31/05/2019,0.80,0.67,0.73,0.72
30/05/2019,0.80,0.67,0.72,0.73
29/05/2019,0.80,0.67,0.72,0.72
28/05/2019,0.80,0.67,0.72,0.72
27/05/2019,0.80,0.67,0.73,0.72
24/05/2019,0.80,0.67,0.74,0.73
23/05/2019,0.80,0.67,0.73,0.74
22/05/2019,0.80,0.67,0.72,0.73
21/05/2019,0.80,0.67,0.73,0.72
20/05/2019,0.80,0.67,0.72,0.73
17/05/2019,0.80,0.67,0.72,0.72
16/05/2019,0.80,0.67,0.70,0.72
15/05/2019,0.80,0.67,0.75,0.70
14/05/2019,0.80,0.67,0.69,0.75
13/05/2019,0.80,0.67,0.70,0.69
10/05/2019,0.80,0.67,0.70,0.70
09/05/2019,0.80,0.67,0.67,0.70
08/05/2019,0.80,0.67,0.70,0.67
07/05/2019,0.80,0.67,0.70,0.70
06/05/2019,0.80,0.67,0.68,0.70
03/05/2019,0.80,0.67,0.67,0.68
02/05/2019,0.80,0.67,0.67,0.67
30/04/2019,0.80,0.67,0.70,0.67
29/04/2019,0.80,0.68,0.70,0.70
26/04/2019,0.80,0.68,0.70,0.70
25/04/2019,0.80,0.68,0.70,0.70
24/04/2019,0.80,0.68,0.70,0.70
23/04/2019,0.80,0.68,0.70,0.70
18/04/2019,0.80,0.68,0.70,0.70
17/04/2019,0.80,0.68,0.69,0.70
16/04/2019,0.80,0.68,0.69,0.69
15/04/2019,0.80,0.68,0.70,0.69
12/04/2019,0.80,0.68,0.70,0.70
11/04/2019,0.80,0.68,0.70,0.70
10/04/2019,0.80,0.68,0.70,0.70
09/04/2019,0.80,0.68,0.70,0.70
08/04/2019,0.80,0.68,0.70,0.70
05/04/2019,0.80,0.68,0.70,0.70
04/04/2019,0.80,0.68,0.70,0.70
03/04/2019,0.80,0.68,0.70,0.70
02/04/2019,0.80,0.68,0.70,0.70
01/04/2019,0.80,0.68,0.70,0.70
29/03/2019,0.80,0.68,0.68,0.70
28/03/2019,0.80,0.68,0.70,0.68
27/03/2019,0.80,0.70,0.70,0.70
26/03/2019,0.80,0.70,0.70,0.70
25/03/2019,0.80,0.70,0.70,0.70
22/03/2019,0.80,0.70,0.70,0.70
21/03/2019,0.80,0.70,0.70,0.70
20/03/2019,0.80,0.70,0.71,0.70
19/03/2019,0.80,0.70,0.70,0.71
18/03/2019,0.80,0.70,0.70,0.70
15/03/2019,0.80,0.70,0.71,0.70
14/03/2019,0.80,0.71,0.71,0.71
13/03/2019,0.80,0.71,0.71,0.71
12/03/2019,0.80,0.71,0.72,0.71
11/03/2019,0.80,0.72,0.72,0.72
08/03/2019,0.80,0.72,0.72,0.72
07/03/2019,0.80,0.72,0.72,0.72
05/03/2019,0.80,0.72,0.73,0.72
04/03/2019,0.80,0.73,0.74,0.73
01/03/2019,0.80,0.73,0.73,0.74
28/02/2019,0.80,0.73,0.73,0.73
27/02/2019,0.80,0.73,0.73,0.73
26/02/2019,0.80,0.73,0.73,0.73
25/02/2019,0.80,0.73,0.73,0.73
22/02/2019,0.80,0.73,0.74,0.73
21/02/2019,0.80,0.73,0.74,0.74
20/02/2019,0.80,0.73,0.73,0.74
19/02/2019,0.80,0.73,0.74,0.73
18/02/2019,0.80,0.74,0.74,0.74
15/02/2019,0.80,0.74,0.74,0.74
14/02/2019,0.80,0.74,0.74,0.74
13/02/2019,0.80,0.74,0.74,0.74
12/02/2019,0.80,0.74,0.74,0.74
11/02/2019,0.80,0.74,0.74,0.74
08/02/2019,0.80,0.74,0.75,0.74
07/02/2019,0.80,0.74,0.74,0.75
06/02/2019,0.80,0.74,0.74,0.74
05/02/2019,0.80,0.74,0.75,0.74
04/02/2019,0.80,0.75,0.75,0.75
01/02/2019,0.80,0.75,0.75,0.75
31/01/2019,0.80,0.75,0.75,0.75
30/01/2019,0.80,0.75,0.75,0.75
29/01/2019,0.80,0.75,0.75,0.75
28/01/2019,0.80,0.75,0.76,0.75
25/01/2019,0.80,0.76,0.76,0.76
24/01/2019,0.80,0.76,0.76,0.76
23/01/2019,0.80,0.76,0.77,0.76
22/01/2019,0.80,0.77,0.78,0.77
21/01/2019,0.80,0.78,0.78,0.78
18/01/2019,0.80,0.78,0.78,0.78
17/01/2019,0.80,0.78,0.79,0.78
16/01/2019,0.80,0.79,0.79,0.79
15/01/2019,0.80,0.79,0.79,0.79
14/01/2019,0.80,0.79,0.79,0.79
11/01/2019,0.80,0.79,0.79,0.79
10/01/2019,0.80,0.79,0.79,0.79
09/01/2019,0.80,0.79,0.79,0.79
08/01/2019,0.80,0.79,0.79,0.79
04/01/2019,0.80,0.79,0.79,0.79
03/01/2019,0.80,0.79,0.80,0.79
02/01/2019,0.80,0.79,0.79,0.80
31/12/2018,0.93,0.75,0.80,0.79
28/12/2018,0.93,0.75,0.80,0.80
27/12/2018,0.93,0.75,0.78,0.80
24/12/2018,0.93,0.75,0.77,0.78
21/12/2018,0.93,0.75,0.77,0.77
20/12/2018,0.93,0.75,0.77,0.77
19/12/2018,0.93,0.75,0.78,0.77
18/12/2018,0.93,0.75,0.78,0.78
17/12/2018,0.93,0.75,0.78,0.78
14/12/2018,0.93,0.75,0.78,0.78
13/12/2018,0.93,0.75,0.79,0.78
12/12/2018,0.93,0.75,0.79,0.79
11/12/2018,0.93,0.75,0.79,0.79
10/12/2018,0.93,0.75,0.78,0.79
06/12/2018,0.93,0.75,0.80,0.78
05/12/2018,0.93,0.75,0.78,0.80
04/12/2018,0.93,0.75,0.81,0.78
03/12/2018,0.93,0.75,0.80,0.81
30/11/2018,0.93,0.75,0.80,0.80
29/11/2018,0.93,0.75,0.81,0.80
28/11/2018,0.93,0.75,0.82,0.81
27/11/2018,0.93,0.75,0.82,0.82
26/11/2018,0.93,0.75,0.80,0.82
23/11/2018,0.93,0.75,0.80,0.80
22/11/2018,0.93,0.75,0.82,0.80
21/11/2018,0.93,0.75,0.82,0.82
20/11/2018,0.93,0.75,0.86,0.82
19/11/2018,0.93,0.75,0.84,0.86
16/11/2018,0.93,0.75,0.88,0.84
15/11/2018,0.93,0.75,0.88,0.88
14/11/2018,0.93,0.75,0.87,0.88
13/11/2018,0.93,0.75,0.85,0.87
12/11/2018,0.93,0.75,0.88,0.85
09/11/2018,0.93,0.75,0.88,0.88
08/11/2018,0.93,0.75,0.88,0.88
07/11/2018,0.93,0.75,0.88,0.88
06/11/2018,0.93,0.75,0.90,0.88
05/11/2018,0.93,0.75,0.90,0.90
02/11/2018,0.93,0.75,0.90,0.90
01/11/2018,0.93,0.75,0.90,0.90
31/10/2018,0.93,0.75,0.90,0.90
30/10/2018,0.93,0.75,0.91,0.90
29/10/2018,0.93,0.75,0.91,0.91
26/10/2018,0.93,0.75,0.91,0.91
24/10/2018,0.93,0.75,0.90,0.90
24/10/2018,0.93,0.75,0.90,0.91
23/10/2018,0.93,0.75,0.90,0.90
22/10/2018,0.93,0.75,0.90,0.90
19/10/2018,0.93,0.75,0.90,0.90
18/10/2018,0.93,0.75,0.90,0.90
17/10/2018,0.93,0.75,0.89,0.90
16/10/2018,0.93,0.75,0.90,0.89
15/10/2018,0.93,0.75,0.91,0.90
12/10/2018,0.93,0.75,0.93,0.91
11/10/2018,0.93,0.75,0.92,0.93
10/10/2018,0.93,0.75,0.93,0.92
09/10/2018,0.93,0.75,0.93,0.93
08/10/2018,0.93,0.75,0.93,0.93
05/10/2018,0.93,0.75,0.90,0.93
04/10/2018,0.92,0.75,0.90,0.90
03/10/2018,0.92,0.75,0.92,0.90
02/10/2018,0.92,0.75,0.91,0.92
01/10/2018,0.88,0.75,0.88,0.91
28/09/2018,0.88,0.75,0.85,0.88
27/09/2018,0.85,0.75,0.85,0.85
26/09/2018,0.85,0.75,0.84,0.85
25/09/2018,0.84,0.75,0.80,0.84
24/09/2018,0.80,0.75,0.80,0.80
20/09/2018,0.80,0.75,0.80,0.80
19/09/2018,0.80,0.75,0.82,0.80
18/09/2018,0.80,0.75,0.80,0.80
17/09/2018,0.80,0.75,0.78,0.80
14/09/2018,0.78,0.75,0.77,0.78
13/09/2018,0.77,0.75,0.76,0.77
12/09/2018,0.76,0.75,0.76,0.76
11/09/2018,0.76,0.75,0.75,0.76
10/09/2018,0.75,0.75,0.75,0.75
07/09/2018,0.75,0.75,0.75,0.75
06/09/2018,0.75,0.75,0.75,0.75
05/09/2018,0.75,0.75,0.75,0.75
